ts,level,level_rate,ai_s,risk_score
2025-12-19 13:41:55,95.750,89.28000,21600.000,10.0
2025-12-19 13:42:00,56.190,92.04000,21600.000,10.0
2025-12-19 13:42:05,27.060,67.38000,21600.000,10.0
2025-12-19 13:42:10,57.510,95.91000,21600.000,10.0
2025-12-19 13:42:15,85.250,78.25000,21600.000,10.0
2025-12-19 13:42:20,42.700,3.93000,21600.000,10.0
2025-12-19 13:42:25,87.990,27.32000,21600.000,10.0
2025-12-19 13:42:30,43.760,96.38000,21600.000,10.0
2025-12-19 13:42:35,43.010,53.65000,21600.000,10.0
2025-12-19 13:42:40,83.380,3.07000,21600.000,10.0
2025-12-19 13:42:45,85.820,1.59000,21600.000,10.0
2025-12-19 13:42:50,13.720,7.29000,21600.000,10.0
2025-12-19 13:42:55,54.140,24.91000,21600.000,10.0
2025-12-19 13:43:00,18.270,68.69000,21600.000,10.0
2025-12-19 13:43:05,35.420,16.51000,21600.000,10.0
2025-12-19 13:43:10,17.970,85.54000,21600.000,10.0
2025-12-19 13:43:15,66.100,23.73000,21600.000,10.0
2025-12-19 13:43:20,61.430,40.42000,21600.000,10.0
2025-12-19 13:43:25,33.910,53.76000,21600.000,10.0
2025-12-19 13:43:30,70.350,85.55000,21600.000,10.0
2025-12-19 13:43:35,35.580,81.31000,21600.000,10.0
2025-12-19 13:43:40,42.720,50.34000,21600.000,10.0
2025-12-19 13:43:45,58.150,58.05000,21600.000,10.0
2025-12-19 13:43:50,29.330,52.82000,21600.000,10.0
2025-12-19 13:43:55,32.530,48.68000,21600.000,10.0
2025-12-19 13:44:00,17.160,28.94000,21600.000,10.0
2025-12-19 13:44:05,30.820,61.45000,21600.000,10.0
2025-12-19 13:44:10,0.740,43.66000,21600.000,10.0
2025-12-19 13:44:15,54.150,25.50000,21600.000,10.0
2025-12-19 13:44:20,17.170,12.59000,21600.000,10.0
2025-12-19 13:44:25,74.120,59.60000,21600.000,10.0
2025-12-19 13:44:30,51.700,46.58000,21600.000,10.0
2025-12-19 13:44:35,31.330,29.85000,21600.000,10.0
2025-12-19 13:44:40,44.250,31.02000,21600.000,10.0
2025-12-19 13:44:45,49.550,67.05000,21600.000,10.0
2025-12-19 13:44:50,51.570,29.14000,21600.000,10.0
2025-12-19 13:44:55,40.280,18.64000,21600.000,10.0
2025-12-19 13:45:00,71.230,13.95000,21600.000,10.0
2025-12-19 13:45:05,84.860,96.53000,21600.000,10.0
2025-12-19 13:45:10,62.100,68.21000,21600.000,10.0
2025-12-19 13:45:15,24.660,73.60000,21600.000,10.0
2025-12-19 13:45:20,64.810,73.60000,21600.000,10.0
2025-12-19 13:45:25,27.380,31.61000,21600.000,10.0
2025-12-19 13:45:30,49.210,52.93000,21600.000,10.0
2025-12-19 13:45:35,58.150,78.73000,21600.000,10.0
2025-12-19 13:45:40,23.460,68.05000,21600.000,10.0
2025-12-19 13:45:45,54.950,39.45000,21600.000,10.0
2025-12-19 13:45:50,39.130,48.18000,21600.000,10.0
2025-12-19 13:45:55,99.690,76.98000,21600.000,10.0
2025-12-19 13:46:00,73.240,21.30000,21600.000,10.0
2025-12-19 13:46:05,2.680,40.68000,21600.000,10.0
2025-12-19 13:46:10,86.910,63.62000,21600.000,10.0
2025-12-19 13:46:15,12.300,98.38000,21600.000,10.0
2025-12-19 13:46:20,10.070,52.67000,21600.000,10.0
2025-12-19 13:46:25,69.370,40.50000,21600.000,10.0
2025-12-19 13:46:30,94.240,21.09000,21600.000,10.0
2025-12-19 13:46:35,54.840,75.59000,21600.000,10.0
2025-12-19 13:46:40,19.080,45.25000,21600.000,10.0
2025-12-19 13:46:45,76.730,52.23000,21600.000,10.0
2025-12-19 13:46:50,67.280,38.77000,21600.000,10.0
2025-12-19 13:46:55,79.110,35.61000,21600.000,10.0
2025-12-19 13:47:00,11.980,11.48000,21600.000,10.0
2025-12-19 13:47:05,9.950,35.56000,21600.000,10.0
2025-12-19 13:47:10,34.050,69.88000,21600.000,10.0
2025-12-19 13:47:15,19.760,5.03000,21600.000,10.0
2025-12-19 13:47:20,27.340,98.63000,21600.000,10.0
2025-12-19 13:47:25,5.280,55.43000,21600.000,10.0
2025-12-19 13:47:30,82.390,80.39000,21600.000,10.0
2025-12-19 13:47:35,75.470,70.74000,21600.000,10.0
2025-12-19 13:47:40,91.440,48.88000,21600.000,10.0
2025-12-19 13:47:45,29.730,16.74000,21600.000,10.0
2025-12-19 13:47:50,38.680,49.17000,21600.000,10.0
2025-12-19 13:47:55,16.800,97.44000,21600.000,10.0
2025-12-19 13:48:00,28.700,28.40000,21600.000,10.0
2025-12-19 13:48:05,27.190,93.82000,21600.000,10.0
2025-12-19 13:48:10,89.040,92.93000,21600.000,10.0
2025-12-19 13:48:15,50.370,54.73000,21600.000,10.0
2025-12-19 13:48:20,95.530,40.13000,21600.000,10.0
2025-12-19 13:48:25,44.700,62.59000,21600.000,10.0
2025-12-19 13:48:30,99.320,79.19000,21600.000,10.0
2025-12-19 13:48:35,72.450,88.28000,21600.000,10.0
2025-12-19 13:48:40,61.420,39.67000,21600.000,10.0
2025-12-19 13:48:45,2.770,0.40000,21600.000,10.0
2025-12-19 13:48:50,93.060,44.66000,21600.000,10.0
2025-12-19 13:48:55,26.690,51.11000,21600.000,10.0
2025-12-19 13:49:00,11.790,16.47000,21600.000,10.0
2025-12-19 13:49:05,52.370,1.52000,21600.000,10.0
2025-12-19 13:49:10,34.380,1.89000,21600.000,10.0
2025-12-19 13:49:15,27.950,96.69000,21600.000,10.0
2025-12-19 13:49:20,22.220,21.92000,21600.000,10.0
2025-12-19 13:49:25,76.910,22.86000,21600.000,10.0
2025-12-19 13:49:30,80.080,53.65000,21600.000,10.0
2025-12-19 13:49:35,51.350,20.22000,21600.000,10.0
2025-12-19 13:49:40,56.490,89.83000,21600.000,10.0
2025-12-19 13:49:45,98.170,39.43000,21600.000,10.0
2025-12-19 13:49:50,34.660,66.84000,21600.000,10.0
2025-12-19 13:49:55,79.540,97.12000,21600.000,10.0
2025-12-19 13:50:00,54.810,35.48000,21600.000,10.0
2025-12-19 13:50:05,26.080,16.77000,21600.000,10.0
2025-12-19 13:50:10,0.510,31.86000,21600.000,10.0
2025-12-19 13:50:15,69.590,79.73000,21600.000,10.0
2025-12-19 13:50:20,32.030,97.73000,21600.000,10.0
2025-12-19 13:50:25,64.190,3.09000,21600.000,10.0
2025-12-19 13:50:30,25.220,78.35000,21600.000,10.0
2025-12-19 13:50:35,87.920,0.80000,21600.000,10.0
2025-12-19 13:50:40,37.960,32.84000,21600.000,10.0
2025-12-19 13:50:45,3.350,45.18000,21600.000,10.0
2025-12-19 13:50:50,56.370,23.24000,21600.000,10.0
2025-12-19 13:50:55,31.050,30.15000,21600.000,10.0
2025-12-19 13:51:00,67.210,83.87000,21600.000,10.0
2025-12-19 13:51:05,64.340,9.20000,21600.000,10.0
2025-12-19 13:51:10,52.500,70.39000,21600.000,10.0
2025-12-19 13:51:15,9.230,1.34000,21600.000,10.0
2025-12-19 13:51:20,59.450,36.77000,21600.000,10.0
2025-12-19 13:51:25,11.700,90.80000,21600.000,10.0
2025-12-19 13:51:30,20.690,40.82000,21600.000,10.0
2025-12-19 13:51:35,26.580,79.49000,21600.000,10.0
2025-12-19 13:51:40,12.290,59.84000,21600.000,10.0
2025-12-19 13:51:45,81.640,25.73000,21600.000,10.0
2025-12-19 13:51:50,66.250,34.11000,21600.000,10.0
2025-12-19 13:51:55,60.180,91.47000,21600.000,10.0
2025-12-19 13:52:00,49.570,41.87000,21600.000,10.0
2025-12-19 13:52:05,7.390,53.74000,21600.000,10.0
2025-12-19 13:52:10,43.890,98.57000,21600.000,10.0
2025-12-19 13:52:15,7.690,62.48000,21600.000,10.0
2025-12-19 13:52:20,9.620,0.97000,21600.000,10.0
2025-12-19 13:52:25,85.260,58.94000,21600.000,10.0
2025-12-19 13:52:30,80.580,65.52000,21600.000,10.0
2025-12-19 13:52:35,43.070,39.68000,21600.000,10.0
2025-12-19 13:52:40,83.670,89.68000,21600.000,10.0
2025-12-19 13:52:45,96.180,14.13000,21600.000,10.0
2025-12-19 13:52:50,66.510,61.39000,21600.000,10.0
2025-12-19 13:52:55,58.410,47.52000,21600.000,10.0
2025-12-19 13:53:00,95.590,71.80000,21600.000,10.0
2025-12-19 13:53:05,47.530,92.39000,21600.000,10.0
2025-12-19 13:53:11,21.140,99.72000,21600.000,10.0
2025-12-19 13:53:16,70.010,2.03000,21600.000,10.0
2025-12-19 13:53:21,23.670,92.48000,21600.000,10.0
2025-12-19 13:53:26,96.150,33.27000,21600.000,10.0
2025-12-19 13:53:31,17.240,89.51000,21600.000,10.0
2025-12-19 13:53:36,39.890,91.55000,21600.000,10.0
2025-12-19 13:53:41,22.900,0.22000,21600.000,10.0
2025-12-19 13:53:46,40.160,50.65000,21600.000,10.0
2025-12-19 13:53:51,2.130,49.97000,21600.000,10.0
2025-12-19 13:53:56,59.280,47.36000,21600.000,10.0
2025-12-19 13:54:01,52.180,22.18000,21600.000,10.0
2025-12-19 13:54:06,7.440,75.29000,21600.000,10.0
2025-12-19 13:54:11,70.650,1.49000,21600.000,10.0
2025-12-19 13:54:16,1.940,52.13000,21600.000,10.0
2025-12-19 13:54:21,63.160,12.53000,21600.000,10.0
2025-12-19 13:54:26,20.320,13.67000,21600.000,10.0
2025-12-19 13:54:31,51.480,10.35000,21600.000,10.0
2025-12-19 13:54:36,21.390,54.27000,21600.000,10.0
2025-12-19 13:54:41,63.660,72.39000,21600.000,10.0
2025-12-19 13:54:46,98.390,61.91000,21600.000,10.0
2025-12-19 13:54:51,65.730,74.10000,21600.000,10.0
2025-12-19 13:54:56,78.440,90.24000,21600.000,10.0
2025-12-19 13:55:01,48.510,94.80000,21600.000,10.0
2025-12-19 13:55:06,64.270,10.31000,21600.000,10.0
2025-12-19 13:55:11,48.380,81.41000,21600.000,10.0
2025-12-19 13:55:16,97.610,21.31000,21600.000,10.0
2025-12-19 13:55:21,5.440,32.02000,21600.000,10.0
2025-12-19 13:55:26,9.540,11.64000,21600.000,10.0
2025-12-19 13:55:31,57.290,39.09000,21600.000,10.0
2025-12-19 13:55:36,97.860,85.52000,21600.000,10.0
2025-12-19 13:55:41,82.880,87.67000,21600.000,10.0
2025-12-19 13:55:46,29.120,5.64000,21600.000,10.0
2025-12-19 13:55:51,66.880,82.53000,21600.000,10.0
2025-12-19 13:55:56,46.720,57.48000,21600.000,10.0
2025-12-19 13:56:01,56.080,12.19000,21600.000,10.0
2025-12-19 13:56:06,95.650,31.85000,21600.000,10.0
2025-12-19 13:56:11,20.830,72.11000,21600.000,10.0
2025-12-19 13:56:16,65.220,27.44000,21600.000,10.0
2025-12-19 13:56:21,6.870,45.38000,21600.000,10.0
2025-12-19 13:56:26,62.970,53.57000,21600.000,10.0
2025-12-19 13:56:31,2.450,17.10000,21600.000,10.0
2025-12-19 13:56:36,62.810,6.22000,21600.000,10.0
2025-12-19 13:56:41,11.450,82.98000,21600.000,10.0
2025-12-19 13:56:46,99.150,7.35000,21600.000,10.0
2025-12-19 13:56:51,62.110,91.92000,21600.000,10.0
2025-12-19 13:56:56,54.920,19.71000,21600.000,10.0
2025-12-19 13:57:01,55.850,10.16000,21600.000,10.0
2025-12-19 13:57:06,68.970,92.68000,21600.000,10.0
2025-12-19 13:57:11,49.820,75.03000,21600.000,10.0
2025-12-19 13:57:16,34.540,66.57000,21600.000,10.0
2025-12-19 13:57:21,65.490,92.64000,21600.000,10.0
2025-12-19 13:57:26,41.850,2.40000,21600.000,10.0
2025-12-19 13:57:31,65.540,31.44000,21600.000,10.0
2025-12-19 13:57:36,38.260,75.00000,21600.000,10.0
2025-12-19 13:57:41,97.930,72.12000,21600.000,10.0
2025-12-19 13:57:46,47.490,13.84000,21600.000,10.0
2025-12-19 13:57:51,55.280,98.54000,21600.000,10.0
2025-12-19 13:57:56,37.610,14.21000,21600.000,10.0
2025-12-19 13:58:01,74.630,40.16000,21600.000,10.0
2025-12-19 13:58:06,57.460,32.60000,21600.000,10.0
2025-12-19 13:58:11,92.000,79.77000,21600.000,10.0
2025-12-19 13:58:16,73.890,71.09000,21600.000,10.0
2025-12-19 13:58:21,55.350,80.58000,21600.000,10.0
2025-12-19 13:58:26,79.920,94.02000,21600.000,10.0
2025-12-19 13:58:31,4.940,95.22000,21600.000,10.0
2025-12-19 13:58:36,23.680,16.17000,21600.000,10.0
2025-12-19 13:58:41,52.210,85.62000,21600.000,10.0
2025-12-19 13:58:46,61.980,11.57000,21600.000,10.0
2025-12-19 13:58:51,44.600,89.60000,21600.000,10.0
2025-12-19 13:58:56,1.460,54.36000,21600.000,10.0
2025-12-19 13:59:01,36.530,39.87000,21600.000,10.0
2025-12-19 13:59:06,49.910,78.46000,21600.000,10.0
2025-12-19 13:59:11,45.130,25.05000,21600.000,10.0
2025-12-19 13:59:16,93.710,87.96000,21600.000,10.0
2025-12-19 13:59:21,19.800,0.86000,21600.000,10.0
2025-12-19 13:59:26,75.080,27.80000,21600.000,10.0
2025-12-19 13:59:31,14.010,50.16000,21600.000,10.0
2025-12-19 13:59:36,40.410,7.45000,21600.000,10.0
2025-12-19 13:59:41,7.310,26.08000,21600.000,10.0
2025-12-19 13:59:46,86.370,81.66000,21600.000,10.0
2025-12-19 13:59:51,62.950,66.01000,21600.000,10.0
2025-12-19 13:59:56,3.590,56.28000,21600.000,10.0
2025-12-19 14:00:01,45.460,86.27000,21600.000,10.0
2025-12-19 14:00:06,87.560,65.93000,21600.000,10.0
2025-12-19 14:00:11,60.010,52.97000,21600.000,10.0
2025-12-19 14:00:16,30.620,2.78000,21600.000,10.0
2025-12-19 14:00:21,24.140,57.85000,21600.000,10.0
2025-12-19 14:00:26,33.120,42.46000,21600.000,10.0
2025-12-19 14:00:31,11.710,89.93000,21600.000,10.0
2025-12-19 14:00:36,10.640,85.84000,21600.000,10.0
2025-12-19 14:00:41,18.210,32.14000,21600.000,10.0
2025-12-19 14:00:46,14.170,34.98000,21600.000,10.0
2025-12-19 14:00:51,57.800,82.92000,21600.000,10.0
2025-12-19 14:00:56,76.810,79.65000,21600.000,10.0
2025-12-19 14:01:01,84.450,93.02000,21600.000,10.0
2025-12-19 14:01:06,78.210,33.75000,21600.000,10.0
2025-12-19 14:01:11,26.240,78.03000,21600.000,10.0
2025-12-19 14:01:16,56.060,8.86000,21600.000,10.0
2025-12-19 14:01:21,39.320,23.19000,21600.000,10.0
2025-12-19 14:01:26,12.840,11.61000,21600.000,10.0
2025-12-19 14:01:31,17.850,57.50000,21600.000,10.0
2025-12-19 14:01:36,25.730,88.42000,21600.000,10.0
2025-12-19 14:01:41,33.090,35.20000,21600.000,10.0
2025-12-19 14:01:46,51.600,35.73000,21600.000,10.0
2025-12-19 14:01:51,23.340,78.75000,21600.000,10.0
2025-12-19 14:01:56,41.340,54.99000,21600.000,10.0
2025-12-19 14:02:01,80.660,39.13000,21600.000,10.0
2025-12-19 14:02:06,66.210,3.59000,21600.000,10.0
2025-12-19 14:02:11,27.620,82.19000,21600.000,10.0
2025-12-19 14:02:16,17.840,76.70000,21600.000,10.0
2025-12-19 14:02:21,80.400,23.48000,21600.000,10.0
2025-12-19 14:02:26,38.750,30.55000,21600.000,10.0
2025-12-19 14:02:31,46.040,12.33000,21600.000,10.0
2025-12-19 14:02:36,5.360,14.25000,21600.000,10.0
2025-12-19 14:02:41,81.960,0.38000,21600.000,10.0
2025-12-19 14:02:46,22.460,98.89000,21600.000,10.0
2025-12-19 14:02:51,66.870,78.28000,21600.000,10.0
2025-12-19 14:02:56,7.180,94.81000,21600.000,10.0
2025-12-19 14:03:01,52.740,40.72000,21600.000,10.0
2025-12-19 14:03:06,59.290,64.42000,21600.000,10.0
2025-12-19 14:03:11,57.930,76.84000,21600.000,10.0
2025-12-19 14:03:16,50.480,52.88000,21600.000,10.0
2025-12-19 14:03:21,74.880,4.79000,21600.000,10.0
2025-12-19 14:03:26,16.900,52.67000,21600.000,10.0
2025-12-19 14:03:31,94.500,72.16000,21600.000,10.0
2025-12-19 14:03:36,26.290,8.88000,21600.000,10.0
2025-12-19 14:03:41,16.980,88.64000,21600.000,10.0
2025-12-19 14:03:46,50.540,61.97000,21600.000,10.0
2025-12-19 14:03:51,52.460,91.62000,21600.000,10.0
2025-12-19 14:03:56,94.160,17.35000,21600.000,10.0
2025-12-19 14:04:01,75.470,71.16000,21600.000,10.0
2025-12-19 14:04:06,55.020,14.88000,21600.000,10.0
2025-12-19 14:04:11,30.920,98.77000,21600.000,10.0
2025-12-19 14:04:16,63.110,6.60000,21600.000,10.0
2025-12-19 14:04:21,49.240,21.62000,21600.000,10.0
2025-12-19 14:04:26,19.510,58.81000,21600.000,10.0
2025-12-19 14:04:31,31.190,41.67000,21600.000,10.0
2025-12-19 14:04:36,97.020,96.55000,21600.000,10.0
2025-12-19 14:04:41,75.640,44.69000,21600.000,10.0
2025-12-19 14:04:46,41.490,32.33000,21600.000,10.0
2025-12-19 14:04:51,12.360,71.84000,21600.000,10.0
2025-12-19 14:04:56,95.550,58.60000,21600.000,10.0
2025-12-19 14:05:01,84.150,93.44000,21600.000,10.0
2025-12-19 14:05:06,9.870,28.73000,21600.000,10.0
2025-12-19 14:05:11,49.630,74.87000,21600.000,10.0
2025-12-19 14:05:16,92.660,1.43000,21600.000,10.0
2025-12-19 14:05:21,86.610,93.56000,21600.000,10.0
2025-12-19 14:05:26,13.010,51.45000,21600.000,10.0
2025-12-19 14:05:31,18.380,45.05000,21600.000,10.0
2025-12-19 14:05:36,22.980,11.62000,21600.000,10.0
2025-12-19 14:05:41,71.510,15.62000,21600.000,10.0
2025-12-19 14:05:46,6.590,28.99000,21600.000,10.0
2025-12-19 14:05:51,24.190,60.11000,21600.000,10.0
2025-12-19 14:05:56,57.360,8.57000,21600.000,10.0
2025-12-19 14:06:01,77.950,91.86000,21600.000,10.0
2025-12-19 14:06:06,2.990,70.35000,21600.000,10.0
2025-12-19 14:06:11,4.770,20.06000,21600.000,10.0
2025-12-19 14:06:16,70.910,17.80000,21600.000,10.0
2025-12-19 14:06:21,0.260,63.82000,21600.000,10.0
2025-12-19 14:06:26,46.310,67.08000,21600.000,10.0
2025-12-19 14:06:31,44.600,86.76000,21600.000,10.0
2025-12-19 14:06:36,5.750,77.23000,21600.000,10.0
2025-12-19 14:06:41,8.350,70.06000,21600.000,10.0
2025-12-19 14:06:46,80.890,24.97000,21600.000,10.0
2025-12-19 14:06:51,24.910,73.26000,21600.000,10.0
2025-12-19 14:06:56,81.330,66.82000,21600.000,10.0
2025-12-19 14:07:01,93.050,40.55000,21600.000,10.0
2025-12-19 14:07:06,53.100,63.11000,21600.000,10.0
2025-12-19 14:07:11,65.880,34.80000,21600.000,10.0
2025-12-19 14:07:16,32.420,41.47000,21600.000,10.0
2025-12-19 14:07:21,99.880,83.74000,21600.000,10.0
2025-12-19 14:07:26,0.780,57.15000,21600.000,10.0
2025-12-19 14:07:31,96.820,74.19000,21600.000,10.0
2025-12-19 14:07:36,45.840,51.50000,21600.000,10.0
2025-12-19 14:07:41,77.530,66.47000,21600.000,10.0
2025-12-19 14:07:46,98.680,19.49000,21600.000,10.0
2025-12-19 14:07:51,42.160,80.50000,21600.000,10.0
2025-12-19 14:07:56,41.770,86.61000,21600.000,10.0
2025-12-19 14:08:01,16.170,95.55000,21600.000,10.0
2025-12-19 14:08:06,91.710,7.01000,21600.000,10.0
2025-12-19 14:08:11,60.940,53.33000,21600.000,10.0
2025-12-19 14:08:16,50.300,32.55000,21600.000,10.0
2025-12-19 14:08:21,85.920,65.48000,21600.000,10.0
2025-12-19 14:08:26,99.420,59.36000,21600.000,10.0
2025-12-19 14:08:31,9.840,74.28000,21600.000,10.0
2025-12-19 14:08:36,33.490,77.56000,21600.000,10.0
2025-12-19 14:08:41,47.130,67.57000,21600.000,10.0
2025-12-19 14:08:46,43.650,26.34000,21600.000,10.0
2025-12-19 14:08:51,38.890,83.93000,21600.000,10.0
2025-12-19 14:08:56,58.890,54.06000,21600.000,10.0
2025-12-19 14:09:01,68.750,55.69000,21600.000,10.0
2025-12-19 14:09:06,38.850,74.59000,21600.000,10.0
2025-12-19 14:09:11,26.730,64.45000,21600.000,10.0
2025-12-19 14:09:16,63.270,38.69000,21600.000,10.0
2025-12-19 14:09:21,73.660,7.95000,21600.000,10.0
2025-12-19 14:09:26,14.370,90.50000,21600.000,10.0
2025-12-19 14:09:31,12.600,73.53000,21600.000,10.0
2025-12-19 14:09:36,33.400,98.12000,21600.000,10.0
2025-12-19 14:09:41,46.660,66.56000,21600.000,10.0
2025-12-19 14:09:46,92.650,36.58000,21600.000,10.0
2025-12-19 14:09:51,47.680,37.98000,21600.000,10.0
2025-12-19 14:09:56,16.080,49.98000,21600.000,10.0
2025-12-19 14:10:01,37.790,2.41000,21600.000,10.0
2025-12-19 14:10:06,62.270,89.32000,21600.000,10.0
2025-12-19 14:10:11,31.630,47.47000,21600.000,10.0
2025-12-19 14:10:16,67.240,31.21000,21600.000,10.0
2025-12-19 14:10:21,81.200,44.49000,21600.000,10.0
2025-12-19 14:10:26,75.110,96.33000,21600.000,10.0
2025-12-19 14:10:31,62.020,9.46000,21600.000,10.0
2025-12-19 14:10:36,64.580,50.81000,21600.000,10.0
2025-12-19 14:10:41,1.420,72.37000,21600.000,10.0
2025-12-19 14:10:46,37.960,82.23000,21600.000,10.0
2025-12-19 14:10:51,45.900,20.36000,21600.000,10.0
2025-12-19 14:10:56,59.940,8.51000,21600.000,10.0
2025-12-19 14:11:01,91.190,62.04000,21600.000,10.0
2025-12-19 14:11:06,7.480,83.07000,21600.000,10.0
2025-12-19 14:11:11,2.100,97.70000,21600.000,10.0
2025-12-19 14:11:16,78.900,83.18000,21600.000,10.0
2025-12-19 14:11:21,70.770,38.49000,21600.000,10.0
2025-12-19 14:11:26,88.070,68.26000,21600.000,10.0
2025-12-19 14:11:31,16.860,13.74000,21600.000,10.0
2025-12-19 14:11:36,9.100,95.32000,21600.000,10.0
2025-12-19 14:11:41,38.920,85.92000,21600.000,10.0
2025-12-19 14:11:46,42.650,9.68000,21600.000,10.0
2025-12-19 14:11:51,66.010,79.62000,21600.000,10.0
2025-12-19 14:11:56,40.570,3.23000,21600.000,10.0
2025-12-19 14:12:01,27.740,27.84000,21600.000,10.0
2025-12-19 14:12:06,48.830,34.96000,21600.000,10.0
2025-12-19 14:12:11,36.150,8.15000,21600.000,10.0
2025-12-19 14:12:16,56.260,19.76000,21600.000,10.0
2025-12-19 14:12:21,22.160,46.85000,21600.000,10.0
2025-12-19 14:12:26,66.550,9.18000,21600.000,10.0
2025-12-19 14:12:31,27.790,1.09000,21600.000,10.0
2025-12-19 14:12:36,74.680,24.75000,21600.000,10.0
2025-12-19 14:12:41,35.740,95.74000,21600.000,10.0
2025-12-19 14:12:46,61.890,26.58000,21600.000,10.0
2025-12-19 14:12:51,45.650,7.87000,21600.000,10.0
2025-12-19 14:12:56,47.370,44.24000,21600.000,10.0
2025-12-19 14:13:01,47.700,62.48000,21600.000,10.0
2025-12-19 14:13:06,77.160,20.33000,21600.000,10.0
2025-12-19 14:13:11,46.620,78.52000,21600.000,10.0
2025-12-19 14:13:16,88.730,58.45000,21600.000,10.0
2025-12-19 14:13:21,4.800,26.74000,21600.000,10.0
2025-12-19 14:13:26,96.420,67.34000,21600.000,10.0
2025-12-19 14:13:31,53.540,4.62000,21600.000,10.0
2025-12-19 14:13:36,25.040,47.93000,21600.000,10.0
2025-12-19 14:13:41,96.080,43.87000,21600.000,10.0
2025-12-19 14:13:46,11.470,7.37000,21600.000,10.0
2025-12-19 14:13:51,11.140,26.09000,21600.000,10.0
2025-12-19 14:13:56,80.270,21.96000,21600.000,10.0
2025-12-19 14:14:01,73.250,53.79000,21600.000,10.0
2025-12-19 14:14:06,74.120,6.84000,21600.000,10.0
2025-12-19 14:14:11,42.930,90.59000,21600.000,10.0
2025-12-19 14:14:16,33.750,93.70000,21600.000,10.0
2025-12-19 14:14:21,24.870,72.24000,21600.000,10.0
2025-12-19 14:14:26,68.670,4.04000,21600.000,10.0
2025-12-19 14:14:31,79.310,71.25000,21600.000,10.0
2025-12-19 14:14:36,26.570,9.60000,21600.000,10.0
2025-12-19 14:14:41,37.510,8.92000,21600.000,10.0
2025-12-19 14:14:46,99.660,31.81000,21600.000,10.0
2025-12-19 14:14:51,93.440,58.31000,21600.000,10.0
2025-12-19 14:14:56,92.410,83.89000,21600.000,10.0
2025-12-19 14:15:01,88.120,79.12000,21600.000,10.0
2025-12-19 14:15:06,97.280,33.36000,21600.000,10.0
2025-12-19 14:15:11,14.960,78.36000,21600.000,10.0
2025-12-19 14:15:16,9.990,41.63000,21600.000,10.0
2025-12-19 14:15:21,79.170,19.30000,21600.000,10.0
2025-12-19 14:15:26,83.330,37.20000,21600.000,10.0
2025-12-19 14:15:31,53.440,46.58000,21600.000,10.0
2025-12-19 14:15:36,2.980,79.17000,21600.000,10.0
2025-12-19 14:15:41,24.690,12.90000,21600.000,10.0
2025-12-19 14:15:46,6.520,67.49000,21600.000,10.0
2025-12-19 14:15:51,93.030,0.99000,21600.000,10.0
2025-12-19 14:15:56,33.960,60.50000,21600.000,10.0
2025-12-19 14:16:01,24.980,41.59000,21600.000,10.0
2025-12-19 14:16:06,7.270,25.79000,21600.000,10.0
2025-12-19 14:16:12,27.680,36.37000,21600.000,10.0
2025-12-19 14:16:17,93.200,14.95000,21600.000,10.0
2025-12-19 14:16:22,59.520,64.73000,21600.000,10.0
2025-12-19 14:16:27,58.810,42.35000,21600.000,10.0
2025-12-19 14:16:32,33.690,64.57000,21600.000,10.0
2025-12-19 14:16:37,57.740,3.17000,21600.000,10.0
2025-12-19 14:16:42,73.600,87.71000,21600.000,10.0
2025-12-19 14:16:47,51.600,63.24000,21600.000,10.0
2025-12-19 14:16:52,16.290,62.29000,21600.000,10.0
2025-12-19 14:16:57,65.310,68.53000,21600.000,10.0
2025-12-19 14:17:02,64.470,41.22000,21600.000,10.0
2025-12-19 14:17:07,5.450,28.92000,21600.000,10.0
2025-12-19 14:17:12,7.660,47.67000,21600.000,10.0
2025-12-19 14:17:17,41.160,59.69000,21600.000,10.0
2025-12-19 14:17:22,33.030,38.31000,21600.000,10.0
2025-12-19 14:17:27,32.740,74.99000,21600.000,10.0
2025-12-19 14:17:32,25.100,82.49000,21600.000,10.0
2025-12-19 14:17:37,43.270,76.49000,21600.000,10.0
2025-12-19 14:17:42,41.980,99.62000,21600.000,10.0
2025-12-19 14:17:47,68.710,25.60000,21600.000,10.0
2025-12-19 14:17:52,29.220,43.97000,21600.000,10.0
2025-12-19 14:17:57,97.110,12.88000,21600.000,10.0
2025-12-19 14:18:02,9.050,76.05000,21600.000,10.0
2025-12-19 14:18:07,76.340,6.24000,21600.000,10.0
2025-12-19 14:18:12,67.660,55.09000,21600.000,10.0
2025-12-19 14:18:17,75.240,80.43000,21600.000,10.0
2025-12-19 14:18:22,77.590,69.71000,21600.000,10.0
2025-12-19 14:18:27,81.570,90.33000,21600.000,10.0
2025-12-19 14:18:32,70.440,23.39000,21600.000,10.0
2025-12-19 14:18:37,55.960,94.47000,21600.000,10.0
2025-12-19 14:18:42,35.680,15.23000,21600.000,10.0
2025-12-19 14:18:47,73.100,44.24000,21600.000,10.0
2025-12-19 14:18:52,28.480,1.11000,21600.000,10.0
2025-12-19 14:18:57,19.950,23.50000,21600.000,10.0
2025-12-19 14:19:02,32.040,38.27000,21600.000,10.0
2025-12-19 14:19:07,89.040,20.18000,21600.000,10.0
2025-12-19 14:19:12,95.060,80.54000,21600.000,10.0
2025-12-19 14:19:17,82.570,64.29000,21600.000,10.0
2025-12-19 14:19:22,19.250,8.84000,21600.000,10.0
2025-12-19 14:19:27,25.330,55.16000,21600.000,10.0
2025-12-19 14:19:32,46.030,58.24000,21600.000,10.0
2025-12-19 14:19:37,99.000,74.02000,21600.000,10.0
2025-12-19 14:19:42,82.210,20.30000,21600.000,10.0
2025-12-19 14:19:47,4.150,85.95000,21600.000,10.0
2025-12-19 14:19:52,90.600,88.36000,21600.000,10.0
2025-12-19 14:19:57,76.530,68.46000,21600.000,10.0
2025-12-19 14:20:02,42.930,84.93000,21600.000,10.0
2025-12-19 14:20:07,56.150,41.58000,21600.000,10.0
2025-12-19 14:20:12,1.930,27.75000,21600.000,10.0
2025-12-19 14:20:17,77.460,19.96000,21600.000,10.0
2025-12-19 14:20:22,72.370,46.10000,21600.000,10.0
2025-12-19 14:20:27,5.360,22.82000,21600.000,10.0
2025-12-19 14:20:32,2.720,5.51000,21600.000,10.0
2025-12-19 14:20:37,9.640,45.95000,21600.000,10.0
2025-12-19 14:20:42,26.450,95.98000,21600.000,10.0
2025-12-19 14:20:47,63.290,94.88000,21600.000,10.0
2025-12-19 14:20:52,6.400,12.11000,21600.000,10.0
2025-12-19 14:20:57,18.360,40.81000,21600.000,10.0
2025-12-19 14:21:02,52.220,39.14000,21600.000,10.0
2025-12-19 14:21:07,66.870,19.49000,21600.000,10.0
2025-12-19 14:21:12,63.430,59.85000,21600.000,10.0
2025-12-19 14:21:17,77.500,41.69000,21600.000,10.0
2025-12-19 14:21:22,73.890,87.91000,21600.000,10.0
2025-12-19 14:21:27,95.600,57.55000,21600.000,10.0
2025-12-19 14:21:32,29.140,96.91000,21600.000,10.0
2025-12-19 14:21:37,4.070,61.11000,21600.000,10.0
2025-12-19 14:21:42,19.940,52.72000,21600.000,10.0
2025-12-19 14:21:47,71.640,56.84000,21600.000,10.0
2025-12-19 14:21:52,46.650,23.79000,21600.000,10.0
2025-12-19 14:21:57,63.970,69.21000,21600.000,10.0
2025-12-19 14:22:02,22.500,27.12000,21600.000,10.0
2025-12-19 14:22:07,59.090,38.83000,21600.000,10.0
2025-12-19 14:22:12,93.780,69.87000,21600.000,10.0
2025-12-19 14:22:17,63.140,22.09000,21600.000,10.0
2025-12-19 14:22:22,19.100,74.84000,21600.000,10.0
2025-12-19 14:22:27,17.480,24.88000,21600.000,10.0
2025-12-19 14:22:32,44.160,47.72000,21600.000,10.0
2025-12-19 14:22:37,52.400,69.61000,21600.000,10.0
2025-12-19 14:22:42,56.260,83.29000,21600.000,10.0
2025-12-19 14:22:47,63.690,72.23000,21600.000,10.0
2025-12-19 14:22:52,67.420,63.66000,21600.000,10.0
2025-12-19 14:22:57,94.470,90.20000,21600.000,10.0
2025-12-19 14:23:02,89.320,5.41000,21600.000,10.0
2025-12-19 14:23:07,82.720,71.45000,21600.000,10.0
2025-12-19 14:23:12,43.940,48.82000,21600.000,10.0
2025-12-19 14:23:17,22.400,23.52000,21600.000,10.0
2025-12-19 14:23:22,11.020,79.18000,21600.000,10.0
2025-12-19 14:23:27,91.660,79.46000,21600.000,10.0
2025-12-19 14:23:32,32.490,56.34000,21600.000,10.0
2025-12-19 14:23:37,62.840,63.36000,21600.000,10.0
2025-12-19 14:23:42,68.290,44.58000,21600.000,10.0
2025-12-19 14:23:47,22.170,92.65000,21600.000,10.0
2025-12-19 14:23:52,1.440,5.35000,21600.000,10.0
2025-12-19 14:23:57,72.800,0.76000,21600.000,10.0
2025-12-19 14:24:02,84.270,19.31000,21600.000,10.0
2025-12-19 14:24:07,44.920,99.28000,21600.000,10.0
2025-12-19 14:24:12,74.710,84.98000,21600.000,10.0
2025-12-19 14:24:17,41.830,33.78000,21600.000,10.0
2025-12-19 14:24:22,7.410,14.67000,21600.000,10.0
2025-12-19 14:24:27,78.800,20.12000,21600.000,10.0
2025-12-19 14:24:32,1.130,83.48000,21600.000,10.0
2025-12-19 14:24:37,74.050,89.09000,21600.000,10.0
2025-12-19 14:24:42,37.610,57.54000,21600.000,10.0
2025-12-19 14:24:47,1.700,70.77000,21600.000,10.0
2025-12-19 14:24:52,62.720,21.68000,21600.000,10.0
2025-12-19 14:24:57,27.770,57.68000,21600.000,10.0
2025-12-19 14:25:02,69.150,68.47000,21600.000,10.0
2025-12-19 14:25:07,78.900,8.82000,21600.000,10.0
2025-12-19 14:25:12,58.250,76.23000,21600.000,10.0
2025-12-19 14:25:17,29.670,20.05000,21600.000,10.0
2025-12-19 14:25:22,41.540,93.85000,21600.000,10.0
2025-12-19 14:25:27,14.900,44.46000,21600.000,10.0
2025-12-19 14:25:32,82.870,48.12000,21600.000,10.0
2025-12-19 14:25:37,94.660,72.75000,21600.000,10.0
2025-12-19 14:25:42,39.250,96.64000,21600.000,10.0
2025-12-19 14:25:47,96.650,32.05000,21600.000,10.0
2025-12-19 14:25:52,42.050,90.34000,21600.000,10.0
2025-12-19 14:25:57,1.810,19.75000,21600.000,10.0
2025-12-19 14:26:02,27.070,38.89000,21600.000,10.0
2025-12-19 14:26:07,86.260,13.50000,21600.000,10.0
2025-12-19 14:26:12,50.120,63.06000,21600.000,10.0
2025-12-19 14:26:17,61.730,88.94000,21600.000,10.0
2025-12-19 14:26:22,67.500,83.56000,21600.000,10.0
2025-12-19 14:26:27,33.280,37.99000,21600.000,10.0
2025-12-19 14:26:32,83.120,6.00000,21600.000,10.0
2025-12-19 14:26:37,52.190,72.90000,21600.000,10.0
2025-12-19 14:26:42,50.830,70.56000,21600.000,10.0
2025-12-19 14:26:47,76.540,18.44000,21600.000,10.0
2025-12-19 14:26:52,77.790,41.19000,21600.000,10.0
2025-12-19 14:26:57,75.920,60.34000,21600.000,10.0
2025-12-19 14:27:02,97.570,68.17000,21600.000,10.0
2025-12-19 14:27:07,3.560,77.72000,21600.000,10.0
2025-12-19 14:27:12,85.330,85.32000,21600.000,10.0
2025-12-19 14:27:17,71.740,88.52000,21600.000,10.0
2025-12-19 14:27:22,65.910,62.24000,21600.000,10.0
2025-12-19 14:27:27,37.980,12.08000,21600.000,10.0
2025-12-19 14:27:32,75.310,2.74000,21600.000,10.0
2025-12-19 14:27:37,78.420,50.17000,21600.000,10.0
2025-12-19 14:27:42,34.120,4.41000,21600.000,10.0
2025-12-19 14:27:47,50.400,98.33000,21600.000,10.0
2025-12-19 14:27:52,62.980,68.79000,21600.000,10.0
2025-12-19 14:27:57,3.450,78.05000,21600.000,10.0
2025-12-19 14:28:02,4.250,74.17000,21600.000,10.0
2025-12-19 14:28:07,39.900,18.43000,21600.000,10.0
2025-12-19 14:28:12,81.000,76.60000,21600.000,10.0
2025-12-19 14:28:17,14.940,57.47000,21600.000,10.0
2025-12-19 14:28:22,10.110,32.17000,21600.000,10.0
2025-12-19 14:28:27,55.380,9.84000,21600.000,10.0
2025-12-20 19:58:25,23.709,0.00000,0.000,100.0
2025-12-20 19:58:30,23.726,0.00300,0.000,100.0
2025-12-20 19:58:35,23.709,-0.00300,0.000,100.0
2025-12-20 19:58:40,23.709,0.00000,0.000,100.0
2025-12-20 19:58:45,23.726,0.00300,0.000,100.0
2025-12-20 19:58:50,23.709,-0.00300,0.000,100.0
2025-12-20 19:58:55,23.726,0.00300,0.000,100.0
2025-12-20 19:59:00,23.709,-0.00300,0.000,100.0
2025-12-20 19:59:05,23.709,0.00000,0.000,100.0
2025-12-20 19:59:10,23.709,0.00000,0.000,100.0
2025-12-20 19:59:15,23.726,0.00300,0.000,100.0
2025-12-20 19:59:20,23.726,0.00000,0.000,100.0
2025-12-20 19:59:25,23.709,-0.00300,0.000,100.0
2025-12-20 19:59:30,23.726,0.00300,0.000,100.0
2025-12-20 19:59:35,23.709,-0.00300,0.000,100.0
2025-12-20 19:59:40,23.709,0.00000,0.000,100.0
2025-12-20 19:59:45,23.726,0.00300,0.000,100.0
2025-12-20 19:59:50,23.709,-0.00300,0.000,100.0
2025-12-20 19:59:55,23.709,0.00000,0.000,100.0
2025-12-20 20:00:00,23.709,0.00000,0.000,100.0
2025-12-20 20:00:05,23.726,0.00300,0.000,100.0
2025-12-20 20:00:10,23.726,0.00000,0.000,100.0
2025-12-20 20:00:15,23.709,-0.00300,0.000,100.0
2025-12-20 20:00:20,23.709,0.00000,0.000,100.0
2025-12-20 20:00:25,23.709,0.00000,0.000,100.0
2025-12-20 20:00:30,23.709,0.00000,0.000,100.0
2025-12-20 20:00:35,23.726,0.00300,0.000,100.0
2025-12-20 20:00:40,23.709,-0.00300,0.000,100.0
2025-12-20 20:00:45,23.297,-0.08200,0.000,100.0
2025-12-20 20:00:50,23.709,0.08200,21600.000,10.0
2025-12-20 20:00:55,23.709,0.00000,0.000,100.0
2025-12-20 20:01:00,23.297,-0.08200,0.000,100.0
2025-12-20 20:01:05,23.709,0.08200,21600.000,10.0
2025-12-20 20:01:10,23.726,0.00300,0.000,100.0
2025-12-20 20:01:15,23.709,-0.00300,0.000,100.0
2025-12-20 20:01:20,23.726,0.00300,0.000,100.0
2025-12-20 20:01:25,23.726,0.00000,0.000,100.0
2025-12-20 20:01:30,23.709,-0.00300,0.000,100.0
2025-12-20 20:01:35,23.709,0.00000,0.000,100.0
2025-12-20 20:01:40,23.726,0.00300,0.000,100.0
2025-12-20 20:01:45,23.726,0.00000,0.000,100.0
2025-12-20 20:01:50,23.726,0.00000,0.000,100.0
2025-12-20 20:01:55,23.709,-0.00300,0.000,100.0
2025-12-20 20:02:00,23.726,0.00300,0.000,100.0
2025-12-20 20:02:05,23.709,-0.00300,0.000,100.0
2025-12-20 20:02:10,23.726,0.00300,0.000,100.0
2025-12-20 20:02:15,23.709,-0.00300,0.000,100.0
2025-12-20 20:02:21,23.709,0.00000,0.000,100.0
2025-12-20 20:02:26,23.709,0.00000,0.000,100.0
2025-12-20 20:02:31,23.726,0.00300,0.000,100.0
2025-12-20 20:02:36,23.709,-0.00300,0.000,100.0
2025-12-20 20:02:41,23.726,0.00300,0.000,100.0
2025-12-20 20:02:46,23.709,-0.00300,0.000,100.0
2025-12-20 20:02:51,23.709,0.00000,0.000,100.0
2025-12-20 20:02:56,23.709,0.00000,0.000,100.0
2025-12-20 20:03:01,23.726,0.00300,0.000,100.0
2025-12-20 20:03:06,23.726,0.00000,0.000,100.0
2025-12-20 20:03:11,23.709,-0.00300,0.000,100.0
2025-12-20 20:03:16,23.709,0.00000,0.000,100.0
2025-12-20 20:03:21,23.726,0.00300,0.000,100.0
2025-12-20 20:03:26,23.709,-0.00300,0.000,100.0
2025-12-20 20:03:31,23.709,0.00000,0.000,100.0
2025-12-20 20:03:36,23.726,0.00300,0.000,100.0
2025-12-20 20:03:41,23.709,-0.00300,0.000,100.0
2025-12-20 20:03:46,23.709,0.00000,0.000,100.0
2025-12-20 20:03:51,23.709,0.00000,0.000,100.0
2025-12-20 20:03:56,23.726,0.00300,0.000,100.0
2025-12-20 20:04:01,23.726,0.00000,0.000,100.0
2025-12-20 20:04:06,23.709,-0.00300,0.000,100.0
2025-12-20 20:04:11,23.709,0.00000,0.000,100.0
2025-12-20 20:04:16,23.709,0.00000,0.000,100.0
2025-12-20 20:04:21,23.709,0.00000,0.000,100.0
2025-12-20 20:04:26,23.726,0.00300,0.000,100.0
2025-12-20 20:04:31,23.709,-0.00300,0.000,100.0
2025-12-20 20:04:36,23.726,0.00300,0.000,100.0
2025-12-20 20:04:41,23.709,-0.00300,0.000,100.0
2025-12-20 20:04:46,23.709,0.00000,0.000,100.0
2025-12-20 20:04:51,23.726,0.00300,0.000,100.0
2025-12-20 20:04:56,23.709,-0.00300,0.000,100.0
2025-12-20 20:05:01,23.726,0.00300,0.000,100.0
2025-12-20 20:05:06,23.709,-0.00300,0.000,100.0
2025-12-20 20:05:11,23.726,0.00300,0.000,100.0
2025-12-20 20:05:16,23.726,0.00000,0.000,100.0
2025-12-20 20:05:21,23.726,0.00000,0.000,100.0
2025-12-20 20:05:26,23.709,-0.00300,0.000,100.0
2025-12-20 20:05:31,23.726,0.00300,0.000,100.0
2025-12-20 20:05:36,23.297,-0.08600,0.000,100.0
2025-12-20 20:05:41,23.726,0.08600,21600.000,10.0
2025-12-20 20:05:46,23.726,0.00000,0.000,100.0
2025-12-20 20:05:51,23.726,0.00000,0.000,100.0
2025-12-20 20:05:56,23.726,0.00000,0.000,100.0
2025-12-20 20:06:01,23.726,0.00000,0.000,100.0
2025-12-20 20:06:06,23.726,0.00000,0.000,100.0
2025-12-20 20:06:11,23.709,-0.00300,0.000,100.0
2025-12-20 20:06:16,23.726,0.00300,0.000,100.0
2025-12-20 20:06:21,23.709,-0.00300,0.000,100.0
2025-12-20 20:06:26,23.709,0.00000,0.000,100.0
2025-12-20 20:06:31,23.709,0.00000,0.000,100.0
2025-12-20 20:06:36,23.726,0.00300,0.000,100.0
2025-12-20 20:06:41,23.709,-0.00300,0.000,100.0
2025-12-20 20:06:46,23.726,0.00300,0.000,100.0
2025-12-20 20:06:51,23.709,-0.00300,0.000,100.0
2025-12-20 20:06:56,23.709,0.00000,0.000,100.0
2025-12-20 20:07:01,23.709,0.00000,0.000,100.0
2025-12-20 20:07:06,23.709,0.00000,0.000,100.0
2025-12-20 20:07:11,23.709,0.00000,0.000,100.0
2025-12-20 20:07:16,23.726,0.00300,0.000,100.0
2025-12-20 20:07:21,23.726,0.00000,0.000,100.0
2025-12-20 20:07:26,23.726,0.00000,0.000,100.0
2025-12-20 20:07:31,23.709,-0.00300,0.000,100.0
2025-12-20 20:07:36,23.709,0.00000,0.000,100.0
2025-12-20 20:07:41,23.709,0.00000,0.000,100.0
2025-12-20 20:07:46,23.726,0.00300,0.000,100.0
2025-12-20 20:07:51,23.709,-0.00300,0.000,100.0
2025-12-20 20:07:56,23.709,0.00000,0.000,100.0
2025-12-20 20:08:01,23.709,0.00000,0.000,100.0
2025-12-20 20:08:06,23.726,0.00300,0.000,100.0
2025-12-20 20:08:11,23.709,-0.00300,0.000,100.0
2025-12-20 20:08:16,23.726,0.00300,0.000,100.0
2025-12-20 20:08:21,23.709,-0.00300,0.000,100.0
2025-12-20 20:08:26,23.709,0.00000,0.000,100.0
2025-12-20 20:08:31,23.726,0.00300,0.000,100.0
2025-12-20 20:08:36,23.709,-0.00300,0.000,100.0
2025-12-20 20:08:41,23.709,0.00000,0.000,100.0
2025-12-20 20:08:46,23.726,0.00300,0.000,100.0
2025-12-20 20:08:51,23.709,-0.00300,0.000,100.0
2025-12-20 20:08:56,23.709,0.00000,0.000,100.0
2025-12-20 20:09:01,23.709,0.00000,0.000,100.0
2025-12-20 20:09:06,23.709,0.00000,0.000,100.0
2025-12-20 20:09:11,23.726,0.00300,0.000,100.0
2025-12-20 20:09:16,23.709,-0.00300,0.000,100.0
2025-12-20 20:09:21,23.726,0.00300,0.000,100.0
2025-12-20 20:09:26,23.709,-0.00300,0.000,100.0
2025-12-20 20:09:31,23.709,0.00000,0.000,100.0
2025-12-20 20:09:36,23.726,0.00300,0.000,100.0
2025-12-20 20:09:41,23.726,0.00000,0.000,100.0
2025-12-20 20:09:46,23.709,-0.00300,0.000,100.0
2025-12-20 20:09:51,23.726,0.00300,0.000,100.0
2025-12-20 20:09:56,23.726,0.00000,0.000,100.0
2025-12-20 20:10:01,23.709,-0.00300,0.000,100.0
2025-12-20 20:10:06,23.726,0.00300,0.000,100.0
2025-12-20 20:10:11,23.726,0.00000,0.000,100.0
2025-12-20 20:10:16,23.726,0.00000,0.000,100.0
2025-12-20 20:10:21,23.726,0.00000,0.000,100.0
2025-12-20 20:10:26,23.709,-0.00300,0.000,100.0
2025-12-20 20:10:31,23.726,0.00300,0.000,100.0
2025-12-20 20:10:36,23.726,0.00000,0.000,100.0
2025-12-20 20:10:41,23.709,-0.00300,0.000,100.0
2025-12-20 20:10:46,23.709,0.00000,0.000,100.0
2025-12-20 20:10:51,23.709,0.00000,0.000,100.0
2025-12-20 20:10:56,23.709,0.00000,0.000,100.0
2025-12-20 20:11:01,23.726,0.00300,0.000,100.0
2025-12-20 20:11:06,23.726,0.00000,0.000,100.0
2025-12-20 20:11:11,23.726,0.00000,0.000,100.0
2025-12-20 20:11:16,23.709,-0.00300,0.000,100.0
2025-12-20 20:11:21,23.726,0.00300,0.000,100.0
2025-12-20 20:11:26,23.726,0.00000,0.000,100.0
2025-12-20 20:11:31,23.709,-0.00300,0.000,100.0
2025-12-20 20:11:36,23.726,0.00300,0.000,100.0
2025-12-20 20:11:41,23.709,-0.00300,0.000,100.0
2025-12-20 20:11:46,23.709,0.00000,0.000,100.0
2025-12-20 20:11:51,23.709,0.00000,0.000,100.0
2025-12-20 20:11:56,23.726,0.00300,0.000,100.0
2025-12-20 20:12:01,23.726,0.00000,0.000,100.0
2025-12-20 20:12:06,23.726,0.00000,0.000,100.0
2025-12-20 20:12:11,23.709,-0.00300,0.000,100.0
2025-12-20 20:12:16,23.709,0.00000,0.000,100.0
2025-12-20 20:12:21,23.297,-0.08200,0.000,100.0
2025-12-20 20:12:26,23.709,0.08200,21600.000,10.0
2025-12-20 20:12:31,23.709,0.00000,0.000,100.0
2025-12-20 20:12:36,23.726,0.00300,0.000,100.0
2025-12-20 20:12:41,23.709,-0.00300,0.000,100.0
2025-12-20 20:12:46,23.709,0.00000,0.000,100.0
2025-12-20 20:12:51,23.726,0.00300,0.000,100.0
2025-12-20 20:12:56,23.726,0.00000,0.000,100.0
2025-12-20 20:13:01,23.726,0.00000,0.000,100.0
2025-12-20 20:13:06,23.709,-0.00300,0.000,100.0
2025-12-20 20:13:11,23.726,0.00300,0.000,100.0
2025-12-20 20:13:16,23.709,-0.00300,0.000,100.0
2025-12-20 20:13:21,23.726,0.00300,0.000,100.0
2025-12-20 20:13:26,23.709,-0.00300,0.000,100.0
2025-12-20 20:13:32,23.726,0.00300,0.000,100.0
2025-12-20 20:13:37,23.709,-0.00300,0.000,100.0
2025-12-20 20:13:42,23.726,0.00300,0.000,100.0
2025-12-20 20:13:47,23.709,-0.00300,0.000,100.0
2025-12-20 20:13:52,23.726,0.00300,0.000,100.0
2025-12-20 20:13:57,23.709,-0.00300,0.000,100.0
2025-12-20 20:14:02,23.709,0.00000,0.000,100.0
2025-12-20 20:14:07,23.726,0.00300,0.000,100.0
2025-12-20 20:14:12,23.726,0.00000,0.000,100.0
2025-12-20 20:14:17,23.709,-0.00300,0.000,100.0
2025-12-20 20:14:22,23.709,0.00000,0.000,100.0
2025-12-20 20:14:27,23.709,0.00000,0.000,100.0
2025-12-20 20:14:32,23.726,0.00300,0.000,100.0
2025-12-20 20:14:37,23.726,0.00000,0.000,100.0
2025-12-20 20:14:42,23.709,-0.00300,0.000,100.0
2025-12-20 20:14:47,23.709,0.00000,0.000,100.0
2025-12-20 20:14:52,23.709,0.00000,0.000,100.0
2025-12-20 20:14:57,23.709,0.00000,0.000,100.0
2025-12-20 20:15:02,23.726,0.00300,0.000,100.0
2025-12-20 20:15:07,23.709,-0.00300,0.000,100.0
2025-12-20 20:15:12,23.297,-0.08200,0.000,100.0
2025-12-20 20:15:17,23.726,0.08600,21600.000,10.0
2025-12-20 20:15:22,23.726,0.00000,0.000,100.0
2025-12-20 20:15:27,23.709,-0.00300,0.000,100.0
2025-12-20 20:15:32,23.709,0.00000,0.000,100.0
2025-12-20 20:15:37,23.709,0.00000,0.000,100.0
2025-12-20 20:15:42,23.709,0.00000,0.000,100.0
2025-12-20 20:15:47,23.709,0.00000,0.000,100.0
2025-12-20 20:15:52,23.709,0.00000,0.000,100.0
2025-12-20 20:15:57,23.709,0.00000,0.000,100.0
2025-12-20 20:16:02,23.709,0.00000,0.000,100.0
2025-12-20 20:16:07,23.709,0.00000,0.000,100.0
2025-12-20 20:16:12,23.709,0.00000,0.000,100.0
2025-12-20 20:16:17,23.709,0.00000,0.000,100.0
2025-12-20 20:16:22,23.709,0.00000,0.000,100.0
2025-12-20 20:16:27,23.709,0.00000,0.000,100.0
2025-12-20 20:16:32,23.726,0.00300,0.000,100.0
2025-12-20 20:16:37,23.709,-0.00300,0.000,100.0
2025-12-20 20:16:42,23.726,0.00300,0.000,100.0
2025-12-20 20:16:47,23.709,-0.00300,0.000,100.0
2025-12-20 20:16:52,23.709,0.00000,0.000,100.0
2025-12-20 20:16:57,23.726,0.00300,0.000,100.0
2025-12-20 20:17:02,23.709,-0.00300,0.000,100.0
2025-12-20 20:17:07,23.709,0.00000,0.000,100.0
2025-12-20 20:17:12,23.709,0.00000,0.000,100.0
2025-12-20 20:17:17,23.709,0.00000,0.000,100.0
2025-12-20 20:17:22,23.709,0.00000,0.000,100.0
2025-12-20 20:17:27,23.709,0.00000,0.000,100.0
2025-12-20 20:17:32,23.709,0.00000,0.000,100.0
2025-12-20 20:17:37,23.709,0.00000,0.000,100.0
2025-12-20 20:17:42,23.709,0.00000,0.000,100.0
2025-12-20 20:17:47,23.726,0.00300,0.000,100.0
2025-12-20 20:17:52,23.709,-0.00300,0.000,100.0
2025-12-20 20:17:57,23.709,0.00000,0.000,100.0
2025-12-20 20:18:02,23.709,0.00000,0.000,100.0
2025-12-20 20:18:07,23.709,0.00000,0.000,100.0
2025-12-20 20:18:12,23.709,0.00000,0.000,100.0
2025-12-20 20:18:17,23.709,0.00000,0.000,100.0
2025-12-20 20:18:22,23.709,0.00000,0.000,100.0
2025-12-20 20:18:27,23.709,0.00000,0.000,100.0
2025-12-20 20:18:32,23.726,0.00300,0.000,100.0
2025-12-20 20:18:37,23.709,-0.00300,0.000,100.0
2025-12-20 20:18:42,23.726,0.00300,0.000,100.0
2025-12-20 20:18:47,23.726,0.00000,0.000,100.0
2025-12-20 20:18:52,23.709,-0.00300,0.000,100.0
2025-12-20 20:18:57,23.709,0.00000,0.000,100.0
2025-12-20 20:19:02,23.726,0.00300,0.000,100.0
2025-12-20 20:19:07,23.709,-0.00300,0.000,100.0
2025-12-20 20:19:12,23.726,0.00300,0.000,100.0
2025-12-20 20:19:17,23.709,-0.00300,0.000,100.0
2025-12-20 20:19:22,23.297,-0.08200,0.000,100.0
2025-12-20 20:19:27,23.709,0.08200,21600.000,10.0
2025-12-20 20:19:32,23.709,0.00000,0.000,100.0
2025-12-20 20:19:37,23.297,-0.08200,0.000,100.0
2025-12-20 20:19:42,23.726,0.08600,21600.000,10.0
2025-12-20 20:19:47,23.709,-0.00300,0.000,100.0
2025-12-20 20:19:52,23.726,0.00300,0.000,100.0
2025-12-20 20:19:57,23.726,0.00000,0.000,100.0
2025-12-20 20:20:02,23.709,-0.00300,0.000,100.0
2025-12-20 20:20:07,23.726,0.00300,0.000,100.0
2025-12-20 20:20:12,23.709,-0.00300,0.000,100.0
2025-12-20 20:20:17,23.709,0.00000,0.000,100.0
2025-12-20 20:20:22,23.726,0.00300,0.000,100.0
2025-12-20 20:20:27,23.709,-0.00300,0.000,100.0
2025-12-20 20:20:32,23.726,0.00300,0.000,100.0
2025-12-20 20:20:37,23.726,0.00000,0.000,100.0
2025-12-20 20:20:42,23.709,-0.00300,0.000,100.0
2025-12-20 20:20:47,23.709,0.00000,0.000,100.0
2025-12-20 20:20:52,23.726,0.00300,0.000,100.0
2025-12-20 20:20:57,23.709,-0.00300,0.000,100.0
2025-12-20 20:21:02,23.726,0.00300,0.000,100.0
2025-12-20 20:21:07,23.709,-0.00300,0.000,100.0
2025-12-20 20:21:12,23.709,0.00000,0.000,100.0
2025-12-20 20:21:17,23.709,0.00000,0.000,100.0
2025-12-20 20:21:22,23.709,0.00000,0.000,100.0
2025-12-20 20:21:27,23.726,0.00300,0.000,100.0
2025-12-20 20:21:32,23.709,-0.00300,0.000,100.0
2025-12-20 20:21:37,23.709,0.00000,0.000,100.0
2025-12-20 20:21:42,23.709,0.00000,0.000,100.0
2025-12-20 20:21:47,23.709,0.00000,0.000,100.0
2025-12-20 20:21:52,23.709,0.00000,0.000,100.0
2025-12-20 20:21:57,23.297,-0.08200,0.000,100.0
2025-12-20 20:22:02,23.709,0.08200,21600.000,10.0
2025-12-20 20:22:07,23.709,0.00000,0.000,100.0
2025-12-20 20:22:12,23.709,0.00000,0.000,100.0
2025-12-20 20:22:17,23.709,0.00000,0.000,100.0
2025-12-20 20:22:22,23.709,0.00000,0.000,100.0
2025-12-20 20:22:27,23.726,0.00300,0.000,100.0
2025-12-20 20:22:32,23.709,-0.00300,0.000,100.0
2025-12-20 20:22:37,23.709,0.00000,0.000,100.0
2025-12-20 20:22:42,23.726,0.00300,0.000,100.0
2025-12-20 20:22:47,23.726,0.00000,0.000,100.0
2025-12-20 20:22:52,23.709,-0.00300,0.000,100.0
2025-12-20 20:22:57,23.709,0.00000,0.000,100.0
2025-12-20 20:23:02,23.709,0.00000,0.000,100.0
2025-12-20 20:23:07,23.709,0.00000,0.000,100.0
2025-12-20 20:23:12,23.726,0.00300,0.000,100.0
2025-12-20 20:23:17,23.709,-0.00300,0.000,100.0
2025-12-20 20:23:22,23.709,0.00000,0.000,100.0
2025-12-20 20:23:27,23.726,0.00300,0.000,100.0
2025-12-20 20:23:32,23.709,-0.00300,0.000,100.0
2025-12-20 20:23:37,23.709,0.00000,0.000,100.0
2025-12-20 20:23:42,23.709,0.00000,0.000,100.0
2025-12-20 20:23:47,23.726,0.00300,0.000,100.0
2025-12-20 20:23:52,23.709,-0.00300,0.000,100.0
2025-12-20 20:23:57,23.709,0.00000,0.000,100.0
2025-12-20 20:24:02,23.726,0.00300,0.000,100.0
2025-12-20 20:24:07,23.726,0.00000,0.000,100.0
2025-12-20 20:24:12,23.726,0.00000,0.000,100.0
2025-12-20 20:24:17,23.709,-0.00300,0.000,100.0
2025-12-20 20:24:22,23.709,0.00000,0.000,100.0
2025-12-20 20:24:27,23.709,0.00000,0.000,100.0
2025-12-20 20:24:32,23.726,0.00300,0.000,100.0
2025-12-20 20:24:37,23.726,0.00000,0.000,100.0
2025-12-20 20:24:42,23.726,0.00000,0.000,100.0
2025-12-20 20:24:47,23.709,-0.00300,0.000,100.0
2025-12-20 20:24:53,23.709,0.00000,0.000,100.0
2025-12-20 20:24:58,23.726,0.00300,0.000,100.0
2025-12-20 20:25:03,23.297,-0.08600,0.000,100.0
2025-12-20 20:25:08,23.709,0.08200,21600.000,10.0
2025-12-20 20:25:13,23.709,0.00000,0.000,100.0
2025-12-20 20:25:18,23.726,0.00300,0.000,100.0
2025-12-20 20:25:23,23.726,0.00000,0.000,100.0
2025-12-20 20:25:28,23.709,-0.00300,0.000,100.0
2025-12-20 20:25:33,23.709,0.00000,0.000,100.0
2025-12-20 20:25:38,23.726,0.00300,0.000,100.0
2025-12-20 20:25:43,23.709,-0.00300,0.000,100.0
2025-12-20 20:25:48,23.709,0.00000,0.000,100.0
2025-12-20 20:25:53,23.709,0.00000,0.000,100.0
2025-12-20 20:25:58,23.709,0.00000,0.000,100.0
2025-12-20 20:26:03,23.726,0.00300,0.000,100.0
2025-12-20 20:26:08,23.709,-0.00300,0.000,100.0
2025-12-20 20:26:13,23.726,0.00300,0.000,100.0
2025-12-20 20:26:18,23.709,-0.00300,0.000,100.0
2025-12-20 20:26:23,23.709,0.00000,0.000,100.0
2025-12-20 20:26:28,23.709,0.00000,0.000,100.0
2025-12-20 20:26:33,23.709,0.00000,0.000,100.0
2025-12-20 20:26:38,23.709,0.00000,0.000,100.0
2025-12-20 20:26:43,23.726,0.00300,0.000,100.0
2025-12-20 20:26:48,23.709,-0.00300,0.000,100.0
2025-12-20 20:26:53,23.709,0.00000,0.000,100.0
2025-12-20 20:26:58,23.709,0.00000,0.000,100.0
2025-12-20 20:27:03,23.726,0.00300,0.000,100.0
2025-12-20 20:27:08,23.726,0.00000,0.000,100.0
2025-12-20 20:27:13,23.726,0.00000,0.000,100.0
2025-12-20 20:27:18,23.709,-0.00300,0.000,100.0
2025-12-20 20:27:23,23.726,0.00300,0.000,100.0
2025-12-20 20:27:28,23.709,-0.00300,0.000,100.0
2025-12-20 20:27:33,23.263,-0.08900,0.000,100.0
2025-12-20 20:27:38,23.263,0.00000,0.000,100.0
2025-12-20 20:27:43,23.709,0.08900,21600.000,10.0
2025-12-20 20:27:48,23.297,-0.08200,0.000,100.0
2025-12-20 20:27:53,23.709,0.08200,21600.000,10.0
2025-12-20 20:27:58,23.726,0.00300,0.000,100.0
2025-12-20 20:28:03,23.675,-0.01000,0.000,100.0
2025-12-20 20:28:08,23.709,0.00700,0.000,100.0
2025-12-20 20:28:13,23.726,0.00300,0.000,100.0
2025-12-20 20:28:18,23.297,-0.08600,0.000,100.0
2025-12-20 20:28:23,23.709,0.08200,21600.000,10.0
2025-12-20 20:28:28,23.297,-0.08200,0.000,100.0
2025-12-20 20:28:33,23.726,0.08600,21600.000,10.0
2025-12-20 20:28:38,23.709,-0.00300,0.000,100.0
2025-12-20 20:28:43,23.726,0.00300,0.000,100.0
2025-12-20 20:28:48,23.726,0.00000,0.000,100.0
2025-12-20 20:28:53,23.709,-0.00300,0.000,100.0
2025-12-20 20:28:58,23.726,0.00300,0.000,100.0
2025-12-20 20:29:03,23.726,0.00000,0.000,100.0
2025-12-20 20:29:08,23.709,-0.00300,0.000,100.0
2025-12-20 20:29:13,23.709,0.00000,0.000,100.0
2025-12-20 20:29:18,23.726,0.00300,0.000,100.0
2025-12-20 20:29:23,23.297,-0.08600,0.000,100.0
2025-12-20 20:29:28,23.726,0.08600,21600.000,10.0
2025-12-20 20:29:33,23.709,-0.00300,0.000,100.0
2025-12-20 20:29:38,23.709,0.00000,0.000,100.0
2025-12-20 20:29:43,23.709,0.00000,0.000,100.0
2025-12-20 20:29:48,23.709,0.00000,0.000,100.0
2025-12-20 20:29:53,23.709,0.00000,0.000,100.0
2025-12-20 20:29:58,23.709,0.00000,0.000,100.0
2025-12-20 20:30:03,23.709,0.00000,0.000,100.0
2025-12-20 20:30:08,23.709,0.00000,0.000,100.0
2025-12-20 20:30:13,23.709,0.00000,0.000,100.0
2025-12-20 20:30:18,23.709,0.00000,0.000,100.0
2025-12-20 20:36:25,23.726,0.00300,0.000,100.0
2025-12-20 20:36:30,23.709,-0.00300,0.000,100.0
2025-12-20 20:36:35,23.709,0.00000,0.000,100.0
2025-12-20 20:36:40,23.709,0.00000,0.000,100.0
2025-12-20 20:36:45,23.297,-0.08200,0.000,100.0
2025-12-20 20:36:50,23.709,0.08200,21600.000,10.0
2025-12-20 20:36:55,23.709,0.00000,0.000,100.0
2025-12-20 20:37:00,23.709,0.00000,0.000,100.0
2025-12-20 20:37:05,23.709,0.00000,0.000,100.0
2025-12-20 20:37:10,23.726,0.00300,0.000,100.0
2025-12-20 20:37:15,23.709,-0.00300,0.000,100.0
2025-12-20 20:37:20,23.709,0.00000,0.000,100.0
2025-12-20 20:37:25,23.726,0.00300,0.000,100.0
2025-12-20 20:37:30,23.709,-0.00300,0.000,100.0
2025-12-20 20:37:35,23.709,0.00000,0.000,100.0
2025-12-20 20:37:40,23.709,0.00000,0.000,100.0
2025-12-20 20:37:45,23.709,0.00000,0.000,100.0
2025-12-20 20:37:50,23.709,0.00000,0.000,100.0
2025-12-20 20:37:55,23.709,0.00000,0.000,100.0
2025-12-20 20:38:00,23.709,0.00000,0.000,100.0
2025-12-20 20:38:05,23.709,0.00000,0.000,100.0
2025-12-20 20:38:10,23.709,0.00000,0.000,100.0
2025-12-20 20:38:15,23.726,0.00300,0.000,100.0
2025-12-20 20:38:20,23.726,0.00000,0.000,100.0
2025-12-20 20:38:25,23.709,-0.00300,0.000,100.0
2025-12-20 20:38:30,23.709,0.00000,0.000,100.0
2025-12-20 20:38:35,23.709,0.00000,0.000,100.0
2025-12-20 20:38:40,23.709,0.00000,0.000,100.0
2025-12-20 20:38:45,23.709,0.00000,0.000,100.0
2025-12-20 20:38:50,23.709,0.00000,0.000,100.0
2025-12-20 20:38:55,23.709,0.00000,0.000,100.0
2025-12-20 20:39:00,23.709,0.00000,0.000,100.0
2025-12-20 20:39:05,23.726,0.00300,0.000,100.0
2025-12-20 20:39:10,23.726,0.00000,0.000,100.0
2025-12-20 20:39:15,23.726,0.00000,0.000,100.0
2025-12-20 20:39:20,23.709,-0.00300,0.000,100.0
2025-12-20 20:39:25,23.709,0.00000,0.000,100.0
2025-12-20 20:39:30,23.709,0.00000,0.000,100.0
2025-12-20 20:39:35,23.709,0.00000,0.000,100.0
2025-12-20 20:39:40,23.709,0.00000,0.000,100.0
2025-12-20 20:39:45,23.726,0.00300,0.000,100.0
2025-12-20 20:39:50,23.726,0.00000,0.000,100.0
2025-12-20 20:39:55,23.726,0.00000,0.000,100.0
2025-12-20 20:40:00,23.709,-0.00300,0.000,100.0
2025-12-20 20:40:05,23.709,0.00000,0.000,100.0
2025-12-20 20:40:10,23.726,0.00300,0.000,100.0
2025-12-20 20:40:15,23.726,0.00000,0.000,100.0
2025-12-20 20:40:20,23.709,-0.00300,0.000,100.0
2025-12-20 20:40:25,23.726,0.00300,0.000,100.0
2025-12-20 20:40:30,23.709,-0.00300,0.000,100.0
2025-12-20 20:40:35,23.726,0.00300,0.000,100.0
2025-12-20 20:40:40,23.709,-0.00300,0.000,100.0
2025-12-20 20:40:45,23.726,0.00300,0.000,100.0
2025-12-20 20:40:50,23.709,-0.00300,0.000,100.0
2025-12-20 20:40:55,23.709,0.00000,0.000,100.0
2025-12-20 20:41:00,23.709,0.00000,0.000,100.0
2025-12-20 20:41:05,23.726,0.00300,0.000,100.0
2025-12-20 20:41:10,23.297,-0.08600,0.000,100.0
2025-12-20 20:41:15,23.709,0.08200,21600.000,10.0
2025-12-20 20:41:20,23.709,0.00000,0.000,100.0
2025-12-20 20:41:25,23.709,0.00000,0.000,100.0
2025-12-20 20:41:30,23.709,0.00000,0.000,100.0
2025-12-20 20:41:35,23.709,0.00000,0.000,100.0
2025-12-20 20:41:40,23.709,0.00000,0.000,100.0
2025-12-20 20:41:45,23.709,0.00000,0.000,100.0
2025-12-20 20:41:50,23.709,0.00000,0.000,100.0
2025-12-20 20:41:55,23.709,0.00000,0.000,100.0
2025-12-20 20:42:00,23.709,0.00000,0.000,100.0
2025-12-20 20:42:05,23.709,0.00000,0.000,100.0
2025-12-20 20:42:10,23.726,0.00300,0.000,100.0
2025-12-20 20:42:15,23.709,-0.00300,0.000,100.0
2025-12-20 20:42:20,23.726,0.00300,0.000,100.0
2025-12-20 20:42:25,23.709,-0.00300,0.000,100.0
2025-12-20 20:42:30,-1.000,0.00000,0.000,100.0
2025-12-20 20:42:35,-1.000,0.00000,0.000,100.0
2025-12-20 20:42:40,-1.000,0.00000,0.000,100.0
2025-12-20 20:42:45,-1.000,0.00000,0.000,100.0
2025-12-20 20:42:50,-1.000,0.00000,0.000,100.0
2025-12-20 20:42:55,-1.000,0.00000,0.000,100.0
2025-12-20 20:43:00,-1.000,0.00000,0.000,100.0
2025-12-20 20:43:05,-1.000,0.00000,0.000,100.0
2025-12-20 20:43:10,-1.000,0.00000,0.000,100.0
2025-12-20 20:43:15,-1.000,0.00000,0.000,100.0
2025-12-20 20:43:20,23.280,-0.00800,0.000,100.0
2025-12-20 20:43:25,-1.000,0.00000,0.000,100.0
2025-12-20 20:43:30,-1.000,0.00000,0.000,100.0
2025-12-20 20:43:35,-1.000,0.00000,0.000,100.0
2025-12-20 20:43:40,-1.000,0.00000,0.000,100.0
2025-12-20 20:43:45,-1.000,0.00000,0.000,100.0
2025-12-20 20:43:50,23.726,0.01500,0.000,100.0
2025-12-20 20:43:55,-1.000,0.00000,0.000,100.0
2025-12-20 20:44:00,-1.000,0.00000,0.000,100.0
2025-12-20 20:44:05,-1.000,0.00000,0.000,100.0
2025-12-20 20:44:10,-1.000,0.00000,0.000,100.0
2025-12-20 20:44:15,-1.000,0.00000,0.000,100.0
2025-12-20 20:44:20,-1.000,0.00000,0.000,100.0
2025-12-20 20:44:25,-1.000,0.00000,0.000,100.0
2025-12-20 20:44:30,-1.000,0.00000,0.000,100.0
2025-12-20 20:44:35,-1.000,0.00000,0.000,100.0
2025-12-20 20:44:40,-1.000,0.00000,0.000,100.0
2025-12-20 20:44:45,-1.000,0.00000,0.000,100.0
2025-12-20 20:44:50,-1.000,0.00000,0.000,100.0
2025-12-20 20:44:55,-1.000,0.00000,0.000,100.0
2025-12-20 20:45:00,-1.000,0.00000,0.000,100.0
2025-12-20 20:45:05,-1.000,0.00000,0.000,100.0
2025-12-20 20:45:10,-1.000,0.00000,0.000,100.0
2025-12-20 20:45:15,-1.000,0.00000,0.000,100.0
2025-12-20 20:45:20,-1.000,0.00000,0.000,100.0
2025-12-20 20:45:25,-1.000,0.00000,0.000,100.0
2025-12-20 20:45:30,23.709,-0.00000,0.000,100.0
2025-12-20 20:45:35,-1.000,0.00000,0.000,100.0
2025-12-20 20:45:40,-1.000,0.00000,0.000,100.0
2025-12-20 20:45:45,-1.000,0.00000,0.000,100.0
2025-12-20 20:45:50,-1.000,0.00000,0.000,100.0
2025-12-20 20:45:55,-1.000,0.00000,0.000,100.0
2025-12-20 20:46:00,-1.000,0.00000,0.000,100.0
2025-12-20 20:46:05,-1.000,0.00000,0.000,100.0
2025-12-20 20:46:10,-1.000,0.00000,0.000,100.0
2025-12-20 20:46:15,-1.000,0.00000,0.000,100.0
2025-12-20 20:46:20,-1.000,0.00000,0.000,100.0
2025-12-20 20:46:25,-1.000,0.00000,0.000,100.0
2025-12-20 20:46:30,-1.000,0.00000,0.000,100.0
2025-12-20 20:46:35,-1.000,0.00000,0.000,100.0
2025-12-20 20:46:40,-1.000,0.00000,0.000,100.0
2025-12-20 20:46:45,-1.000,0.00000,0.000,100.0
2025-12-20 20:46:50,-1.000,0.00000,0.000,100.0
2025-12-20 20:46:55,-1.000,0.00000,0.000,100.0
2025-12-20 20:47:00,-1.000,0.00000,0.000,100.0
2025-12-20 20:47:05,-1.000,0.00000,0.000,100.0
2025-12-20 20:47:10,23.726,0.00000,0.000,100.0
2025-12-20 20:47:15,-1.000,0.00000,0.000,100.0
2025-12-20 20:47:20,-1.000,0.00000,0.000,100.0
2025-12-20 20:47:25,-1.000,0.00000,0.000,100.0
2025-12-20 20:47:30,-1.000,0.00000,0.000,100.0
2025-12-20 20:47:35,-1.000,0.00000,0.000,100.0
2025-12-20 20:47:40,-1.000,0.00000,0.000,100.0
2025-12-20 20:47:45,-1.000,0.00000,0.000,100.0
2025-12-20 20:47:50,-1.000,0.00000,0.000,100.0
2025-12-20 20:47:55,-1.000,0.00000,0.000,100.0
2025-12-20 20:48:00,-1.000,0.00000,0.000,100.0
2025-12-20 20:48:05,-1.000,0.00000,0.000,100.0
2025-12-20 20:48:10,-1.000,0.00000,0.000,100.0
2025-12-20 20:48:15,-1.000,0.00000,0.000,100.0
2025-12-20 20:48:20,23.709,-0.00000,0.000,100.0
2025-12-20 20:48:25,23.297,-0.08200,0.000,100.0
2025-12-20 20:48:30,-1.000,0.00000,0.000,100.0
2025-12-20 20:48:35,-1.000,0.00000,0.000,100.0
2025-12-20 20:48:40,23.726,0.02800,0.000,100.0
2025-12-20 20:48:46,-1.000,0.00000,0.000,100.0
2025-12-20 20:48:51,-1.000,0.00000,0.000,100.0
2025-12-20 20:48:56,-1.000,0.00000,0.000,100.0
2025-12-20 20:49:01,-1.000,0.00000,0.000,100.0
2025-12-20 20:49:06,-1.000,0.00000,0.000,100.0
2025-12-20 20:49:11,-1.000,0.00000,0.000,100.0
2025-12-20 20:49:16,-1.000,0.00000,0.000,100.0
2025-12-20 20:49:21,-1.000,0.00000,0.000,100.0
2025-12-20 20:49:26,-1.000,0.00000,0.000,100.0
2025-12-20 20:49:31,-1.000,0.00000,0.000,100.0
2025-12-20 20:49:36,-1.000,0.00000,0.000,100.0
2025-12-20 20:49:41,-1.000,0.00000,0.000,100.0
2025-12-20 21:59:19,-1.000,0.00000,0.000,100.0
2025-12-20 21:59:24,-1.000,0.00000,0.000,100.0
2025-12-20 21:59:29,-1.000,0.00000,0.000,100.0
2025-12-20 21:59:34,-1.000,0.00000,0.000,100.0
2025-12-20 21:59:39,-1.000,0.00000,0.000,100.0
2025-12-20 21:59:44,-1.000,0.00000,0.000,100.0
2025-12-20 21:59:49,-1.000,0.00000,0.000,100.0
2025-12-20 21:59:54,23.726,0.00600,0.000,100.0
2025-12-20 21:59:59,-1.000,0.00000,0.000,100.0
2025-12-20 22:00:04,-1.000,0.00000,0.000,100.0
2025-12-20 22:00:09,-1.000,0.00000,0.000,100.0
2025-12-20 22:00:14,-1.000,0.00000,0.000,100.0
2025-12-20 22:00:19,-1.000,0.00000,0.000,100.0
2025-12-20 22:00:24,-1.000,0.00000,0.000,100.0
2025-12-20 22:00:29,-1.000,0.00000,0.000,100.0
2025-12-20 22:00:34,-1.000,0.00000,0.000,100.0
2025-12-20 22:00:39,-1.000,0.00000,0.000,100.0
2025-12-20 22:00:44,-1.000,0.00000,0.000,100.0
2025-12-20 22:00:49,-1.000,0.00000,0.000,100.0
2025-12-20 22:00:54,-1.000,0.00000,0.000,100.0
2025-12-20 22:00:59,23.709,-0.00000,0.000,100.0
2025-12-20 22:01:04,-1.000,0.00000,0.000,100.0
2025-12-20 22:01:09,-1.000,0.00000,0.000,100.0
2025-12-20 22:01:14,-1.000,0.00000,0.000,100.0
2025-12-20 22:01:19,-1.000,0.00000,0.000,100.0
2025-12-20 22:01:24,-1.000,0.00000,0.000,100.0
2025-12-20 22:01:29,-1.000,0.00000,0.000,100.0
2025-12-20 22:01:34,-1.000,0.00000,0.000,100.0
2025-12-20 22:01:39,-1.000,0.00000,0.000,100.0
2025-12-20 22:01:44,-1.000,0.00000,0.000,100.0
2025-12-20 22:01:49,-1.000,0.00000,0.000,100.0
2025-12-20 22:01:54,-1.000,0.00000,0.000,100.0
2025-12-20 22:01:59,-1.000,0.00000,0.000,100.0
2025-12-20 22:02:04,-1.000,0.00000,0.000,100.0
2025-12-20 22:02:09,-1.000,0.00000,0.000,100.0
2025-12-20 22:02:14,-1.000,0.00000,0.000,100.0
2025-12-20 22:02:19,-1.000,0.00000,0.000,100.0
2025-12-20 22:02:24,-1.000,0.00000,0.000,100.0
2025-12-20 22:02:29,-1.000,0.00000,0.000,100.0
2025-12-20 22:02:34,-1.000,0.00000,0.000,100.0
2025-12-20 22:02:39,-1.000,0.00000,0.000,100.0
2025-12-20 22:02:44,-1.000,0.00000,0.000,100.0
2025-12-20 22:02:49,-1.000,0.00000,0.000,100.0
2025-12-20 22:02:54,-1.000,0.00000,0.000,100.0
2025-12-20 22:02:59,-1.000,0.00000,0.000,100.0
2025-12-20 22:03:04,-1.000,0.00000,0.000,100.0
2025-12-20 22:03:09,-1.000,0.00000,0.000,100.0
2025-12-20 22:03:14,-1.000,0.00000,0.000,100.0
2025-12-20 22:03:19,-1.000,0.00000,0.000,100.0
2025-12-20 22:03:24,-1.000,0.00000,0.000,100.0
2025-12-20 22:03:29,-1.000,0.00000,0.000,100.0
2025-12-20 22:03:34,-1.000,0.00000,0.000,100.0
2025-12-20 22:03:39,-1.000,0.00000,0.000,100.0
2025-12-20 22:03:44,-1.000,0.00000,0.000,100.0
2025-12-20 22:03:49,-1.000,0.00000,0.000,100.0
2025-12-20 22:03:54,-1.000,0.00000,0.000,100.0
2025-12-20 22:03:59,-1.000,0.00000,0.000,100.0
2025-12-20 22:04:04,-1.000,0.00000,0.000,100.0
2025-12-20 22:04:09,-1.000,0.00000,0.000,100.0
2025-12-20 22:04:14,-1.000,0.00000,0.000,100.0
2025-12-20 22:04:19,-1.000,0.00000,0.000,100.0
2025-12-20 22:04:24,-1.000,0.00000,0.000,100.0
2025-12-20 22:04:29,-1.000,0.00000,0.000,100.0
2025-12-20 22:04:34,-1.000,0.00000,0.000,100.0
2025-12-20 22:04:39,-1.000,0.00000,0.000,100.0
2025-12-20 22:04:44,-1.000,0.00000,0.000,100.0
2025-12-20 22:04:49,-1.000,0.00000,0.000,100.0
2025-12-20 22:04:54,-1.000,0.00000,0.000,100.0
2025-12-20 22:04:59,-1.000,0.00000,0.000,100.0
2025-12-20 22:05:04,-1.000,0.00000,0.000,100.0
2025-12-20 22:05:09,-1.000,0.00000,0.000,100.0
2025-12-20 22:05:14,-1.000,0.00000,0.000,100.0
2025-12-20 22:05:19,-1.000,0.00000,0.000,100.0
2025-12-20 22:05:24,-1.000,0.00000,0.000,100.0
2025-12-20 22:05:29,-1.000,0.00000,0.000,100.0
2025-12-20 22:05:34,-1.000,0.00000,0.000,100.0
2025-12-20 22:05:39,-1.000,0.00000,0.000,100.0
2025-12-20 22:05:44,-1.000,0.00000,0.000,100.0
2025-12-20 22:05:49,-1.000,0.00000,0.000,100.0
2025-12-20 22:05:54,-1.000,0.00000,0.000,100.0
2025-12-20 22:05:59,-1.000,0.00000,0.000,100.0
2025-12-20 22:06:04,-1.000,0.00000,0.000,100.0
2025-12-20 22:06:09,-1.000,0.00000,0.000,100.0
2025-12-20 22:06:14,-1.000,0.00000,0.000,100.0
2025-12-20 22:06:19,-1.000,0.00000,0.000,100.0
2025-12-20 22:06:24,-1.000,0.00000,0.000,100.0
2025-12-20 22:06:29,-1.000,0.00000,0.000,100.0
2025-12-20 22:06:34,-1.000,0.00000,0.000,100.0
2025-12-20 22:06:39,-1.000,0.00000,0.000,100.0
2025-12-20 22:06:44,-1.000,0.00000,0.000,100.0
2025-12-20 22:06:49,-1.000,0.00000,0.000,100.0
2025-12-20 22:06:54,-1.000,0.00000,0.000,100.0
2025-12-20 22:06:59,-1.000,0.00000,0.000,100.0
2025-12-20 22:07:04,-1.000,0.00000,0.000,100.0
2025-12-20 22:07:09,-1.000,0.00000,0.000,100.0
2025-12-20 22:07:14,-1.000,0.00000,0.000,100.0
2025-12-20 22:07:19,-1.000,0.00000,0.000,100.0
2025-12-20 22:07:24,-1.000,0.00000,0.000,100.0
2025-12-20 22:07:29,-1.000,0.00000,0.000,100.0
2025-12-20 22:07:34,-1.000,0.00000,0.000,100.0
2025-12-20 22:07:39,-1.000,0.00000,0.000,100.0
2025-12-20 22:07:44,-1.000,0.00000,0.000,100.0
2025-12-20 22:07:49,-1.000,0.00000,0.000,100.0
2025-12-20 22:07:54,-1.000,0.00000,0.000,100.0
2025-12-20 22:07:59,-1.000,0.00000,0.000,100.0
2025-12-20 22:08:04,-1.000,0.00000,0.000,100.0
2025-12-20 22:08:09,-1.000,0.00000,0.000,100.0
2025-12-20 22:08:14,-1.000,0.00000,0.000,100.0
2025-12-20 22:08:19,-1.000,0.00000,0.000,100.0
2025-12-20 22:08:24,-1.000,0.00000,0.000,100.0
2025-12-20 22:08:29,-1.000,0.00000,0.000,100.0
2025-12-20 22:08:34,-1.000,0.00000,0.000,100.0
2025-12-20 22:08:39,-1.000,0.00000,0.000,100.0
2025-12-20 22:08:44,-1.000,0.00000,0.000,100.0
2025-12-20 22:08:49,-1.000,0.00000,0.000,100.0
2025-12-20 22:08:54,-1.000,0.00000,0.000,100.0
2025-12-20 22:08:59,-1.000,0.00000,0.000,100.0
2025-12-20 22:09:04,-1.000,0.00000,0.000,100.0
2025-12-20 22:09:09,-1.000,0.00000,0.000,100.0
2025-12-20 22:09:14,-1.000,0.00000,0.000,100.0
2025-12-20 22:09:19,-1.000,0.00000,0.000,100.0
2025-12-20 22:09:24,-1.000,0.00000,0.000,100.0
2025-12-20 22:09:29,-1.000,0.00000,0.000,100.0
2025-12-20 22:09:34,-1.000,0.00000,0.000,100.0
2025-12-20 22:09:39,-1.000,0.00000,0.000,100.0
2025-12-20 22:09:44,-1.000,0.00000,0.000,100.0
2025-12-20 22:09:49,-1.000,0.00000,0.000,100.0
2025-12-20 22:09:54,-1.000,0.00000,0.000,100.0
2025-12-20 22:09:59,-1.000,0.00000,0.000,100.0
2025-12-20 22:10:04,-1.000,0.00000,0.000,100.0
2025-12-20 22:10:09,-1.000,0.00000,0.000,100.0
2025-12-20 22:10:14,-1.000,0.00000,0.000,100.0
2025-12-20 22:10:19,-1.000,0.00000,0.000,100.0
2025-12-20 22:10:24,-1.000,0.00000,0.000,100.0
2025-12-20 22:10:29,-1.000,0.00000,0.000,100.0
2025-12-20 22:10:34,-1.000,0.00000,0.000,100.0
2025-12-20 22:10:39,-1.000,0.00000,0.000,100.0
2025-12-20 22:10:44,-1.000,0.00000,0.000,100.0
2025-12-20 22:10:49,-1.000,0.00000,0.000,100.0
2025-12-20 22:10:54,-1.000,0.00000,0.000,100.0
2025-12-20 22:10:59,-1.000,0.00000,0.000,100.0
2025-12-20 22:11:04,-1.000,0.00000,0.000,100.0
2025-12-20 22:11:09,-1.000,0.00000,0.000,100.0
2025-12-20 22:11:14,-1.000,0.00000,0.000,100.0
2025-12-20 22:11:19,-1.000,0.00000,0.000,100.0
2025-12-20 22:11:24,-1.000,0.00000,0.000,100.0
2025-12-20 22:11:29,-1.000,0.00000,0.000,100.0
2025-12-20 22:11:34,-1.000,0.00000,0.000,100.0
2025-12-20 22:11:39,-1.000,0.00000,0.000,100.0
2025-12-20 22:11:44,-1.000,0.00000,0.000,100.0
2025-12-20 22:11:49,-1.000,0.00000,0.000,100.0
2025-12-20 22:11:54,-1.000,0.00000,0.000,100.0
2025-12-20 22:11:59,-1.000,0.00000,0.000,100.0
2025-12-20 22:12:04,-1.000,0.00000,0.000,100.0
2025-12-20 22:12:09,23.297,-0.00100,0.000,100.0
2025-12-20 22:12:14,-1.000,0.00000,0.000,100.0
2025-12-20 22:12:19,-1.000,0.00000,0.000,100.0
2025-12-20 22:12:24,-1.000,0.00000,0.000,100.0
2025-12-20 22:12:29,-1.000,0.00000,0.000,100.0
2025-12-20 22:12:34,-1.000,0.00000,0.000,100.0
2025-12-20 22:12:39,-1.000,0.00000,0.000,100.0
2025-12-20 22:12:44,-1.000,0.00000,0.000,100.0
2025-12-20 22:12:49,-1.000,0.00000,0.000,100.0
2025-12-20 22:12:54,-1.000,0.00000,0.000,100.0
2025-12-20 22:12:59,-1.000,0.00000,0.000,100.0
2025-12-20 22:13:05,-1.000,0.00000,0.000,100.0
2025-12-20 22:13:10,23.726,0.00700,0.000,100.0
2025-12-20 22:13:15,-1.000,0.00000,0.000,100.0
2025-12-20 22:13:20,-1.000,0.00000,0.000,100.0
2025-12-20 22:13:25,-1.000,0.00000,0.000,100.0
2025-12-20 22:13:30,-1.000,0.00000,0.000,100.0
2025-12-20 22:13:35,-1.000,0.00000,0.000,100.0
2025-12-20 22:13:40,-1.000,0.00000,0.000,100.0
2025-12-20 22:13:45,-1.000,0.00000,0.000,100.0
2025-12-20 22:13:50,23.709,-0.00000,0.000,100.0
2025-12-20 22:13:55,-1.000,0.00000,0.000,100.0
2025-12-20 22:14:00,-1.000,0.00000,0.000,100.0
2025-12-20 22:14:05,23.709,0.00000,0.000,100.0
2025-12-20 22:14:10,-1.000,0.00000,0.000,100.0
2025-12-20 22:14:15,-1.000,0.00000,0.000,100.0
2025-12-20 22:14:20,-1.000,0.00000,0.000,100.0
2025-12-20 22:14:25,-1.000,0.00000,0.000,100.0
2025-12-20 22:14:30,-1.000,0.00000,0.000,100.0
2025-12-20 22:14:35,-1.000,0.00000,0.000,100.0
2025-12-20 22:14:40,-1.000,0.00000,0.000,100.0
2025-12-20 22:14:45,-1.000,0.00000,0.000,100.0
2025-12-20 22:14:50,-1.000,0.00000,0.000,100.0
2025-12-20 22:14:55,-1.000,0.00000,0.000,100.0
2025-12-20 22:15:00,-1.000,0.00000,0.000,100.0
2025-12-20 22:15:05,-1.000,0.00000,0.000,100.0
2025-12-20 22:15:10,-1.000,0.00000,0.000,100.0
2025-12-20 22:15:15,-1.000,0.00000,0.000,100.0
2025-12-20 22:15:20,-1.000,0.00000,0.000,100.0
2025-12-20 22:15:25,-1.000,0.00000,0.000,100.0
